<?xml version="1.0" encoding="UTF-8"?>
<!--

Adventure Locus V4 Theme

Mapsforge map style for Openandromaps
by Michiel Byington
Contact: mike.byington@gmail.com

Adventure 1.4
*************
- Service/track roads and road surfaces now visible at zoom 12

Adventure 1.3
*************
- Tweaked font size of residential/track road names

Adventure 1.2
*************
- Added campsites toggle
- Tweaked size of fuel/campsite symbols
- Increased visibility of fuel/campsites to zoom level 12

Adventure 1.1
*************
- Removed reference to non-existent file

Adventure 1.0
*************
- Decreased font size for ponds/lakes

Adventure 0.9
*************
- Increased contrast between roads and road casings
- Increased overall road width
- Decreased width of contour lines at all zoom levels
- Added new toggle for Route Numbers
- Changed low zoom motorways (interstates) to red

Adventure 0.8
*************
- Updated theme structure for usage alongside V3 theme
- Added new toggle for Fuel
- Added proper translations for toggles

Adventure 0.7
*************
- BETA version
- Compatibility with v4 vector maps
- Numerous modifications to text size, scaling, POI default sizes, POI visibility, etc



License:
********

This  map style is licensed under a Creative Commons Attribution-NonCommercial-ShareAlike 3.0 Unported License: http://creativecommons.org/licenses/by-nc-sa/3.0/

-->
<rendertheme xmlns="http://mapsforge.org/renderTheme" xmlns:xsi="http://www.w3.org/2001/XMLSchema-instance" xsi:schemaLocation="http://mapsforge.org/renderTheme https://raw.githubusercontent.com/mapsforge/mapsforge/master/resources/renderTheme.xsd" version="4" map-background-outside="#EEEEEE" map-background="#F8F8F8">

<stylemenu id="adv-menu" defaultvalue="adv-def" defaultlang="en">

	<!-- overlays -->
	<layer id="adv-routenums" enabled="true">
		<name lang="de" value="Routennummern" />
		<name lang="en" value="Route Numbers" />
		<name lang="es" value="Números de ruta" />
		<name lang="fr" value="Numéros de route" />
		<name lang="it" value="Numeri di rotta" />
		<cat id="routenums" />
	</layer>
	<layer id="adv-contours" enabled="true">
		<name lang="de" value="Umriss" />
		<name lang="en" value="Contour Lines" />
		<name lang="es" value="Lineas de Contorno" />
		<name lang="fr" value="Lignes de Contour" />
		<name lang="it" value="Linee di Contorno" />
		<cat id="contours" />
	</layer>
	<layer id="adv-fuel" enabled="true">
		<name lang="de" value="Treibstoff" />
		<name lang="en" value="Fuel" />
		<name lang="es" value="Combustible" />
		<name lang="fr" value="Carburant" />
		<name lang="it" value="Carburante" />
		<cat id="fuel" />
	</layer>
	<layer id="adv-campsites" enabled="true">
		<name lang="de" value="Campingplatz" />
		<name lang="en" value="Campsites" />
		<name lang="es" value="Camping" />
		<name lang="fr" value="Site de camp" />
		<name lang="it" value="Campeggio" />
		<cat id="campsites" />
	</layer>
	<layer id="adv-pois-1" enabled="true">
		<name lang="de" value="POIs" />
		<name lang="en" value="POIs" />
		<name lang="es" value="POIs" />
		<name lang="fr" value="POIs" />
		<name lang="it" value="POIs" />
		<cat id="pois" />
	</layer>
	<layer id="adv-pois-2" enabled="true">
		<name lang="de" value="Natürlich POIs" />
		<name lang="en" value="Natural POIs" />
		<name lang="es" value="Natural POIs" />
		<name lang="fr" value="Naturel POIs" />
		<name lang="it" value="Naturale POIs" />
		<cat id="pois-nat" />
	</layer>

	<!-- mapstyles -->
	<layer id="adv-def" visible="true">
		<name lang="de" value="Abenteuer" />
		<name lang="en" value="Adventure" />
		<name lang="es" value="Aventuras" />
		<name lang="fr" value="Aventure" />
		<name lang="it" value="Avventura" />
		<cat id="adventure" />
		<overlay id="adv-routenums" />
		<overlay id="adv-contours" />
		<overlay id="adv-fuel" />
		<overlay id="adv-campsites" />
		<overlay id="adv-pois-1" />
		<overlay id="adv-pois-2" />
	</layer>
</stylemenu>

<!-- render land above water -->
	<rule e="way" k="natural" v="sea">
		<area fill="#B3DDFF" />
	</rule>
	<rule e="way" k="natural" v="nosea">
		<area fill="#F8F8F8" stroke="#F8F8F8" stroke-width="2.00" />
	</rule>

<!-- landcover -->
	<rule e="way" k="tunnel" v="~|no">
		<rule e="way" k="landuse|power|amenity|aeroway" v="residential|farmyard|retail|commercial|industrial|brownfield|railway|garages|construction|landfill|school|college|university|aerodrome" zoom-min="13">
			<area fill="#F0F2E9" />
		</rule>
		<rule e="way" k="boundary" v="~">
			<rule e="way" k="leisure" v="park" zoom-min="14">
				<area fill="#C7F1A3" />
			</rule>
		</rule>
		<rule e="way" k="leisure|tourism|landuse" v="zoo|picnic_site|camp_site|caravan_site|recreation_ground" zoom-min="14">
			<area fill="#BBC7F1A3" />
		</rule>
		<rule e="way" k="natural|landuse" v="forest|wood">
			<area fill="#A5CBA5" />
		</rule>
		<rule e="way" k="landuse|natural" v="meadow|grass|grassland|fell" zoom-min="13">
			<area fill="#E6FFDB" />
		</rule>
		<rule e="way" k="landuse" v="field|farm|farmland" zoom-min="13">
			<area fill="#F5FFDB" />
		</rule>
		<rule e="way" k="natural" v="marsh|wetland" zoom-min="13">
			<area fill="#D0D9BF" />
		</rule>
		<rule e="way" k="natural|landuse" v="scrub|heath|orchard|vineyard" zoom-min="14">
			<area fill="#BFE0B4" />
		</rule>
		<rule e="way" k="natural" v="glacier">
			<area fill="#E0FFFF"/>
		</rule>
		<rule e="way" k="landuse|natural" v="quarry|scree|shingle" zoom-min="14">
			<area fill="#F2EFE4" />
		</rule>
		<rule e="way" k="natural" v="rock|bare_rock" zoom-min="14">
			<area fill="#E5E5E5" />
		</rule>
		<rule e="way" k="natural" v="beach|sand|desert" zoom-min="12">
			<area fill="#FAEBB9" />
		</rule>
		<rule e="way" k="landuse|leisure" v="garden|village_green|common" zoom-min="14">
			<area fill="#C7F1A3" />
		</rule>
		<rule e="way" k="landuse|leisure|amenity" v="allotments|greenfield|golf_course|cemetery|grave_yard" zoom-min="14">
			<area fill="#D3EBD9" />
		</rule>
	</rule>

<!-- tunnels -->
	<rule e="way" k="tunnel" v="yes" zoom-min="13">
		<!-- highway tunnel -->
		<rule e="way" k="highway" v="bridleway">
			<line stroke="#60999999" stroke-width="0.80" stroke-dasharray="24,8" stroke-linecap="butt" />
		</rule>
		<rule e="way" k="highway" v="track|service|pedestrian">
			<line stroke="#60999999" stroke-width="1.60" stroke-dasharray="24,8" stroke-linecap="butt" />
		</rule>
		<rule e="way" k="highway" v="road|residential|living_street|construction">
			<line stroke="#60999999" stroke-width="2.20" stroke-dasharray="24,8" stroke-linecap="butt" />
		</rule>
		<rule e="way" k="highway" v="unclassified|tertiary|tertiary_link|secondary_link|primary_link|trunk_link|motorway_link|secondary|primary|trunk">
			<line stroke="#60999999" stroke-width="2.60" stroke-dasharray="32,12" stroke-linecap="butt" />
		</rule>
		<rule e="way" k="highway" v="motorway">
			<line stroke="#60999999" stroke-width="3.00" stroke-dasharray="40,16" stroke-linecap="butt" />
		</rule>

		<!-- railway tunnel -->
		<rule e="way" k="railway|highway" v="tram|subway|light_rail|narrow_gauge|preserved|funicular|miniature|bus_guideway|disused|abandoned">
			<line stroke="#60999999" stroke-width="0.50" stroke-dasharray="8,12" stroke-linecap="butt" />
		</rule>
		<rule e="way" k="railway" v="rail">
			<line stroke="#60999999" stroke-width="0.80" stroke-dasharray="12,12" stroke-linecap="butt" />
		</rule>
	</rule>

<!-- map border -->
	<rule e="way" k="boundary" v="map_inner" zoom-max="13">
		<line stroke="#F2E6DA" stroke-width="0.30" stroke-linecap="butt" />
	</rule>

<!-- contour lines -->
	<rule cat="contours" e="any" k="*" v="*">
		<rule e="way" k="contour_ext" v="*" zoom-max="9"> <!-- at zoom 9 and lesser -->
			<rule e="way" k="contour_ext" v="elevation_major">
				<line stroke="#A07F5F" stroke-width="1.0" />
			</rule>
		</rule>
		<rule e="way" k="contour_ext" v="*" zoom-min="10" zoom-max="12"> <!-- at zoom 10 to 12 -->
			<rule e="way" k="contour_ext" v="elevation_medium">
				<line stroke="#A07F5F" stroke-width="0.3" />
			</rule>
			<rule e="way" k="contour_ext" v="elevation_major">
				<line stroke="#A07F5F" stroke-width="0.6" />
			</rule>
		</rule>
		<rule e="way" k="contour_ext" v="*" zoom-min="13" zoom-max="13"> <!-- at zoom 13 -->
			<rule e="way" k="contour_ext" v="elevation_minor">
				<line stroke="#A07F5F" stroke-width="0.3" />
			</rule>
			<rule e="way" k="contour_ext" v="elevation_medium|elevation_major">
				<line stroke="#A07F5F" stroke-width="0.6" />
			</rule>
		</rule>
		<rule e="way" k="contour_ext" v="*" zoom-min="14" zoom-max="14"> <!-- at zoom 14 -->
			<rule e="way" k="contour_ext" v="elevation_minor">
				<line stroke="#A07F5F" stroke-width="0.3" />
			</rule>
			<rule e="way" k="contour_ext" v="elevation_medium|elevation_major">
				<line stroke="#A07F5F" stroke-width="0.6" />
				<pathText k="ele" font-style="bold" font-size="14" fill="#7C583A" stroke="#FFFFFF" stroke-width="2.00" />
			</rule>
		</rule>
		<rule e="way" k="contour_ext" v="*" zoom-min="15" zoom-max="15"> <!-- at zoom 15 -->
			<rule e="way" k="contour_ext" v="elevation_minor" zoom-max="15">
				<line stroke="#A07F5F" stroke-width="0.2" />
			</rule>
			<rule e="way" k="contour_ext" v="elevation_medium|elevation_major">
				<line stroke="#A07F5F" stroke-width="0.4" />
				<pathText k="ele" font-style="bold" font-size="16" fill="#7C583A" stroke="#FFFFFF" stroke-width="2.00" />
			</rule>
		</rule>
		<rule e="way" k="contour_ext" v="*" zoom-min="16" zoom-max="16"> <!-- at zoom 16 -->
			<rule e="way" k="contour_ext" v="elevation_minor">
				<line stroke="#A07F5F" stroke-width="0.2" />
			</rule>
			<rule e="way" k="contour_ext" v="elevation_medium|elevation_major">
				<line stroke="#A07F5F" stroke-width="0.4" />
				<pathText k="ele" font-style="bold" font-size="18" fill="#7C583A" stroke="#FFFFFF" stroke-width="4.00" />
			</rule>
		</rule>
		<rule e="way" k="contour_ext" v="*" zoom-min="17"> <!-- at zoom 17 or greater -->
			<rule e="way" k="contour_ext" v="elevation_minor">
				<line stroke="#A07F5F" stroke-width="0.1" />
			</rule>
			<rule e="way" k="contour_ext" v="elevation_medium|elevation_major">
				<line stroke="#A07F5F" stroke-width="0.2" />
				<pathText k="ele" font-style="bold" font-size="18" fill="#7C583A" stroke="#FFFFFF" stroke-width="4.00" />
			</rule>
		</rule>
	</rule>

<!-- highway areas -->
	<rule e="way" k="tunnel" v="~|no" zoom-min="13">
		<rule e="way" k="area" v="yes">
			<rule e="way" k="highway" v="service|residential|road|living_street">
				<area fill="#AAAAAA" />
			</rule>
		</rule>
	</rule>

<!-- waterways -->
	<rule e="way" k="bridge" v="yes|viaduct|movable">
		<rule e="way" k="tunnel" v="no|~">
			<rule e="way" k="waterway" v="ditch|drain|stream" zoom-min="13">
				<line stroke="#333333" stroke-width="1.6" stroke-linecap="butt" />
				<line stroke="#EEEEEE" stroke-width="1.2" stroke-linecap="butt" />
			</rule>
			<rule e="way" k="waterway" v="canal|river" zoom-min="10">
				<line stroke="#333333" stroke-width="2" stroke-linecap="butt" />
				<line stroke="#EEEEEE" stroke-width="1.6" stroke-linecap="butt" />
			</rule>
		</rule>
	</rule>
	<rule e="way" k="waterway" v="ditch" zoom-min="13">
		<line stroke="#B3DDFF" stroke-width="0.6" />
	</rule>
	<rule e="way" k="waterway" v="drain" zoom-min="13">
		<line stroke="#A69D9D" stroke-width="0.7" stroke-linecap="butt" />
		<line stroke="#B3DDFF" stroke-width="0.5" stroke-linecap="butt" />
	</rule>
	<rule e="way" k="waterway" v="canal" zoom-min="10">
		<line stroke="#A69D9D" stroke-width="1.1" stroke-linecap="butt" />
		<line stroke="#B3DDFF" stroke-width="0.9" stroke-linecap="butt" />
	</rule>
	<rule e="way" k="waterway" v="stream" zoom-min="13">
		<line stroke="#B3DDFF" stroke-width="0.6" />
	</rule>
	<rule e="way" k="waterway" v="river" zoom-min="8">
		<line stroke="#B3DDFF" stroke-width="1.1" />
	</rule>
	<rule e="way" k="waterway" v="riverbank" closed="yes">
		<area fill="#B3DDFF" stroke="#B3DDFF" stroke-width="0.2" />
	</rule>
	<rule e="way" k="waterway" v="riverbank" closed="no">
		<line stroke="#B3DDFF" stroke-width="1" />
	</rule>
	<rule e="way" k="natural" v="water" closed="yes">
		<rule e="any" k="*" v="*" zoom-max="13">
			<area fill="#B3DDFF" stroke="#B3DDFF" stroke-width="0.2" />
		</rule>
		<rule e="any" k="*" v="*" zoom-min="14">
			<area fill="#B3DDFF" stroke="#B3DDFF" stroke-width="0.2" />
		</rule>
	</rule>
	<rule e="way" k="natural" v="water" closed="no">
		<line stroke="#B3DDFF" stroke-width="1" />
	</rule>
	<rule e="way" k="landuse" v="reservoir|basin" closed="yes">
		<line stroke="#A69D9D" stroke-width="0.3" />
		<area fill="#B3DDFF" />
	</rule>
	<rule e="way" k="landuse" v="reservoir|basin" closed="no">
		<line stroke="#A69D9D" stroke-width="1" />
		<line stroke="#B3DDFF" stroke-width="0.2" />
	</rule>
	<rule e="way" k="waterway" v="river" zoom-min="13">
		<pathText k="name" font-style="bold" font-size="11" fill="#77A5FC" stroke="#E5FFFFFF" stroke-width="2" />
	</rule>
	<rule e="way" k="waterway" v="stream|canal|ditch|drain" zoom-min="14">
		<pathText k="name" font-style="bold" font-size="10" fill="#77A5FC" stroke="#E5FFFFFF" stroke-width="2" />
	</rule>

	<!-- underground waterways -->
	<rule e="way" k="tunnel" v="yes" zoom-min="14">
		<rule e="way" k="waterway" v="ditch|stream">
			<line stroke="#90FFFFFF" stroke-width="0.80" stroke-dasharray="40,4" stroke-linecap="butt" />
		</rule>
		<rule e="way" k="waterway" v="drain">
			<line stroke="#90FFFFFF" stroke-width="1.00" stroke-dasharray="40,4" stroke-linecap="butt" />
		</rule>
		<rule e="way" k="waterway" v="canal|river">
			<line stroke="#90FFFFFF" stroke-width="1.80" stroke-dasharray="40,4" stroke-linecap="butt" />
		</rule>
	</rule>

<!-- natural ways -->
	<rule e="way" k="natural" v="cliff" zoom-min="14">
		<line stroke="#70606060" stroke-width="2.00" stroke-dasharray="4,4" stroke-linecap="butt" />
		<pathText k="name" font-style="bold_italic" font-family="serif" font-size="20" fill="#666666" stroke="#FFFFFF" stroke-width="4.00" />
	</rule>

<!-- POI areas -->
	<rule e="way" k="tunnel" v="~|no">
		<rule e="way" k="amenity" v="parking">
			<area fill="#FFFFD1" />
		</rule>
	</rule>
	<rule e="way" k="leisure" v="track|playground|pitch|dog_park" closed="yes" zoom-min="14">
		<area fill="#D3EBD9" />
	</rule>

<!-- non-physical boundaries -->
	<!-- administrative borders -->
	<rule e="way" k="admin_level" v="2">
		<rule e="any" k="*" v="*" zoom-max="13">
			<line stroke="#666666" stroke-width="5.00" />
		</rule>
		<rule e="any" k="*" v="*" zoom-min="14">
			<line stroke="#888888" stroke-width="0.80" />
			<line stroke="#333333" stroke-width="0.80" stroke-dasharray="30,30" stroke-linecap="butt" />
		</rule>
	</rule>
	<rule e="way" k="admin_level" v="4">
		<rule e="any" k="*" v="*" zoom-max="8">
			<line stroke="#666666" stroke-width="3.00" stroke-dasharray="16,10" stroke-linecap="butt" />
		</rule>
		<rule e="any" k="*" v="*" zoom-min="9" zoom-max="13">
			<line stroke="#666666" stroke-width="2.00" stroke-dasharray="18,6" stroke-linecap="butt" />
		</rule>
		<rule e="any" k="*" v="*" zoom-min="14">
			<line stroke="#666666" stroke-width="0.80" stroke-dasharray="24,12" stroke-linecap="butt" />
		</rule>
	</rule>
	<rule e="way" k="landuse" v="~">
		<rule e="way" k="military" v="*" zoom-min="12">
			<area fill="#10DF003F" />
			<rule e="any" k="*" v="*" zoom-min="15">
				<line stroke="#48A82622" stroke-width="2.00" stroke-dasharray="30,10,10,10" stroke-linecap="butt" />
			</rule>
		</rule>
	</rule>
	<rule e="way" k="military" v="~">
		<rule e="way" k="landuse" v="military" zoom-min="12">
			<area fill="#20DF003F" />
			<rule e="any" k="*" v="*" zoom-min="15">
				<line stroke="#48A82622" stroke-width="1.40" stroke-dasharray="30,10,10,10" stroke-linecap="butt" />
			</rule>
		</rule>
	</rule>
	<rule e="way" k="leisure|boundary" v="nature_reserve|national_park|protected_area" zoom-min="15">
		<rule e="any" k="protect_class" v="1|~">
			<line stroke="#909DFF9C" stroke-width="1.40" stroke-dasharray="30,10,10,10" stroke-linecap="butt" />
			<pathText k="name" font-style="bold_italic" font-family="serif" font-size="18" fill="#FFFFFF" stroke="#7DAD7D" stroke-width="4.00" />
		</rule>
	</rule>

<!-- buildings etc -->
	<rule e="way" k="waterway" v="weir" closed="no" zoom-min="14">
		<line stroke="#E6DFDF" stroke-width="1.40" stroke-linecap="butt" />
		<line stroke="#B3DDFF" stroke-width="1.00" stroke-dasharray="6,8" stroke-linecap="butt" />
	</rule>
	<rule e="way" k="waterway" v="weir" closed="yes" zoom-min="14">
		<line stroke="#E6DFDF" stroke-width="0.40" />
		<area fill="#E6DFDF" />
	</rule>
	<rule e="way" k="waterway" v="dam" zoom-min="14">
		<rule e="any" k="*" v="*" closed="no">
			<line stroke="#E6DFDF" stroke-width="2.40" />
		</rule>
		<rule e="any" k="*" v="*" closed="yes">
			<area fill="#E6DFDF" />
		</rule>
		<rule e="any" k="*" v="*" zoom-min="18">
			<caption k="name" font-style="bold" font-size="20" fill="#666666" stroke="#FFFFFF" stroke-width="4.00" />
		</rule>
	</rule>
	<rule e="way" k="building" v="*" zoom-min="14">
		<area fill="#E6DFDF" />
	</rule>
	<rule e="way" k="aeroway|waterway" v="terminal|dock" zoom-min="14">
		<area fill="#E6DFDF" />
		<rule e="any" k="*" v="*" zoom-min="18">
			<caption k="name" font-style="bold" font-size="20" fill="#666666" stroke="#FFFFFF" stroke-width="4.00" />
		</rule>
	</rule>
	<rule e="node" k="aeroway" v="gate">
		<caption k="name" font-style="bold" font-size="20" fill="#FFD900" stroke="#000000" stroke-width="4.00" />
		<caption k="ref" font-style="bold" font-size="20" fill="#FFD900" stroke="#000000" stroke-width="4.00" />
	</rule>

<!-- bridges -->
	<rule e="way" k="bridge" v="yes|movable">
		<rule e="way" k="tunnel" v="no|~">
			<rule e="any" k="area" v="~">
				<rule e="way" k="railway" v="rail" zoom-min="13">
					<line stroke="#333333" stroke-width="1.4" stroke-linecap="butt" />
					<line stroke="#F8F8F8" stroke-width="1" stroke-linecap="butt" />
				</rule>
				<rule e="way" k="railway|highway" v="subway|narrow_gauge|preserved|funicular|miniature|tram|light_rail|bus_guideway|disused|abandoned" zoom-min="13">
					<line stroke="#333333" stroke-width="1.2" stroke-linecap="butt" />
					<line stroke="#F8F8F8" stroke-width="0.8" stroke-linecap="butt" />
				</rule>
				<rule e="way" k="highway" v="steps|footway|path|bridleway" zoom-min="13">
					<line stroke="#333333" stroke-width="1.05" stroke-linecap="butt" />
					<line stroke="#F8F8F8" stroke-width="0.7" stroke-linecap="butt" />
				</rule>
				<rule e="way" k="highway" v="track" zoom-min="13">
					<line stroke="#333333" stroke-width="1.6" stroke-linecap="butt" />
					<line stroke="#F8F8F8" stroke-width="1.2" stroke-linecap="butt" />
				</rule>
				<rule e="way" k="highway" v="cycleway" zoom-min="13">
					<line stroke="#333333" stroke-width="1.45" stroke-linecap="butt" />
					<line stroke="#F8F8F8" stroke-width="1.05" stroke-linecap="butt" />
					<rule e="any" k="foot" v="ft_no|~">
						<line stroke="#3366FF" stroke-width="0.8" stroke-linecap="butt" />
					</rule>
				</rule>
				<rule e="way" k="highway" v="service" zoom-min="13">
					<line stroke="#333333" stroke-width="1.6" stroke-linecap="butt" />
					<line stroke="#F8F8F8" stroke-width="1.2" stroke-linecap="butt" />
					<line stroke="#222222" stroke-width="0.95" stroke-linecap="butt" />
				</rule>
				<rule e="way" k="highway" v="construction" zoom-min="13">
					<line stroke="#60333333" stroke-width="2.15" stroke-linecap="butt" />
					<line stroke="#60F8F8F8" stroke-width="1.75" stroke-linecap="butt" />
					<line stroke="#60888888" stroke-width="1.3" stroke-linecap="butt" />
				</rule>
				<rule e="way" k="highway" v="road|residential|living_street|pedestrian" zoom-min="12">
					<line stroke="#333333" stroke-width="2.15" stroke-linecap="butt" />
					<line stroke="#F8F8F8" stroke-width="1.75" stroke-linecap="butt" />
					<line stroke="#222222" stroke-width="1.3" stroke-linecap="butt" />
				</rule>
				<rule e="way" k="highway" v="tertiary|tertiary_link|secondary_link|primary_link|trunk_link|secondary|primary|trunk|unclassified" zoom-min="10">
					<line stroke="#333333" stroke-width="2.4" stroke-linecap="butt" />
					<line stroke="#F8F8F8" stroke-width="1.9" stroke-linecap="butt" />
					<line stroke="#222222" stroke-width="1.45" stroke-linecap="butt" />
				</rule>
				<rule e="way" k="highway" v="motorway_link" zoom-min="10">
					<line stroke="#333333" stroke-width="2.4" stroke-linecap="butt" />
					<line stroke="#F8F8F8" stroke-width="1.9" stroke-linecap="butt" />
					<line stroke="#FF7700" stroke-width="1.45" stroke-linecap="butt" />
				</rule>
				<rule e="way" k="highway" v="motorway" zoom-min="10">
					<line stroke="#333333" stroke-width="2.8" stroke-linecap="butt" />
					<line stroke="#F8F8F8" stroke-width="2.3" stroke-linecap="butt" />
					<line stroke="#FF4D00" stroke-width="2" stroke-linecap="butt" />
				</rule>
			</rule>
		</rule>
	</rule>

<!-- highway casings/lining i.e. black lines around roads for contrast -->
	<rule e="way" k="tunnel" v="~|no">
		<rule e="way" k="area" v="~|no">
			<rule e="way" k="highway" v="track" zoom-min="12">
				<rule e="way" k="tracktype" v="grade1|grade2">
					<line stroke="#664329" stroke-width="2" stroke-linecap="butt" />
				</rule>
				<rule e="way" k="tracktype" v="grade3">
					<line stroke="#664329" stroke-width="2" stroke-dasharray="21,5" stroke-linecap="butt" />
				</rule>
				<rule e="way" k="tracktype" v="grade4">
					<line stroke="#664329" stroke-width="2" stroke-dasharray="21,5,8,5" stroke-linecap="butt" />
				</rule>
				<rule e="way" k="tracktype" v="grade5">
					<line stroke="#664329" stroke-width="2" stroke-dasharray="8,5" stroke-linecap="butt" />
				</rule>
				<rule e="way" k="tracktype" v="~">
					<line stroke="#664329" stroke-width="2" stroke-dasharray="4,1,11,1,4,5" stroke-linecap="butt" />
				</rule>
			</rule>
			<rule e="way" k="bridge" v="~">
				<rule e="way" k="highway" v="cycleway" zoom-min="13">
					<rule e="any" k="foot" v="ft_no|~">
						<line stroke="#3366FF" stroke-width="1" />
					</rule>
				</rule>
				<rule e="way" k="highway" v="service" zoom-min="12">
					<line stroke="#222222" stroke-width="2" />
				</rule>
				<rule e="way" k="highway" v="road|residential|living_street|ford" zoom-min="12">
					<line stroke="#222222" stroke-width="2.3" />
				</rule>
				<rule e="way" k="highway" v="construction" zoom-min="12">
					<line stroke="#60888888" stroke-width="2.3" />
				</rule>
				<rule e="way" k="highway" v="tertiary|tertiary_link|secondary_link|primary_link|trunk_link|secondary|primary|trunk|unclassified" zoom-min="12">
					<line stroke="#222222" stroke-width="2.5" stroke-linecap="butt" />
				</rule>
				<rule e="way" k="highway" v="motorway_link" zoom-min="12">
					<line stroke="#FF4D00" stroke-width="2.5" stroke-linecap="butt" />
				</rule>
				<rule e="way" k="highway" v="motorway" zoom-min="12">
					<line stroke="#FF4D00" stroke-width="3" stroke-linecap="butt" />
				</rule>
			</rule>
		</rule>
	</rule>

<!-- highways -->
	<rule e="node" k="highway" v="turning_circle|mini_roundabout" zoom-min="15">
		<circle radius="1.3" scale-radius="true" fill="#AAAAAA" />
	</rule>
	<rule e="way" k="tunnel" v="~|no">
		<!-- no area -->
		<rule e="way" k="area" v="~|no">
			<!-- paths/footways -->
			<rule e="any" k="*" v="*">
				<rule e="way" k="highway" v="footway|path" zoom-min="13">
					<line stroke="#777777" stroke-width="0.4" stroke-dasharray="10,1.5" stroke-linecap="butt" />
					<rule e="way" k="bicycle" v="bic_yes|bic_permissive|bic_designated">
						<line stroke="#3366FF" stroke-width="0.6" stroke-dasharray="0,1,8,2.5" stroke-linecap="butt" />
					</rule>
				</rule>
				<rule e="way" k="highway" v="steps" zoom-min="13">
					<line stroke="#777777" stroke-width="0.9" stroke-linecap="butt" />
					<line stroke="#DDDDDD" stroke-width="0.9" stroke-dasharray="3,3" stroke-linecap="butt" />
				</rule>
			</rule>
			<rule e="way" k="highway" v="cycleway" zoom-min="13">
				<rule e="any" k="foot" v="ft_no|~">
					<line stroke="#FFFFFF" stroke-width="1" />
				</rule>
				<rule e="any" k="foot" v="ft_yes|ft_permissive|ft_designated" zoom-min="13">
					<line stroke="#777777" stroke-width="0.8" stroke-dasharray="10,1.5" stroke-linecap="butt" />
					<line stroke="#3366FF" stroke-width="0.6" stroke-dasharray="0,1,8,2.5" stroke-linecap="butt" />
				</rule>
			</rule>
			<!-- highway cores -->
			<rule e="way" k="highway" v="bridleway" zoom-min="12">
				<line stroke="#DEC8B1" stroke-width="0.80" stroke-dasharray="2,20" stroke-linecap="round" />
			</rule>
			<rule e="way" k="highway" v="track">
				<rule e="any" k="*" v="*" zoom-min="12">
					<rule e="way" k="tracktype" v="grade1">
						<line stroke="#D9C6B4" stroke-width="1" />
					</rule>
					<rule e="way" k="tracktype" v="grade2">
						<line stroke="#D9C6B4" stroke-width="1" />
					</rule>
					<rule e="way" k="tracktype" v="grade3">
						<line stroke="#D9C6B4" stroke-width="1" stroke-dasharray="21,5" stroke-linecap="butt" />
					</rule>
					<rule e="way" k="tracktype" v="grade4">
						<line stroke="#D9C6B4" stroke-width="1" stroke-dasharray="21,5,8,5" stroke-linecap="butt" />
					</rule>
					<rule e="way" k="tracktype" v="grade5">
						<line stroke="#D9C6B4" stroke-width="1" stroke-dasharray="8,5" stroke-linecap="butt" />
					</rule>
					<rule e="way" k="tracktype" v="~">
						<line stroke="#D9C6B4" stroke-width="1" stroke-dasharray="4,1,11,1,4,5" stroke-linecap="butt" />
					</rule>
				</rule>
			</rule>
			<rule e="way" k="highway" v="service" zoom-min="12">
				<line stroke="#FFFFFF" stroke-width="1" />
			</rule>
			<rule e="way" k="highway" v="construction" zoom-min="12">
				<line stroke="#E5FFFFFF" stroke-width="1" stroke-dasharray="15,2" stroke-linecap="butt" />
			</rule>
			<rule e="way" k="highway" v="pedestrian" zoom-min="12">
				<line stroke="#FFFFFF" stroke-width="1" />
			</rule>
			<rule e="way" k="highway" v="living_street" zoom-min="12">
				<line stroke="#E0E0E0" stroke-width="1" />
			</rule>
			<rule e="way" k="highway" v="residential|road|ford" zoom-min="12">
				<line stroke="#FFFFFF" stroke-width="1.3" />
			</rule>

			<!-- high zoom cores major roads -->
			<rule e="way" k="highway" v="tertiary_link" zoom-min="12">
				<line stroke="#FFFFCC" stroke-width="1.5" />
			</rule>
			<rule e="way" k="highway" v="secondary_link" zoom-min="12">
				<line stroke="#FFFF66" stroke-width="1.5" />
			</rule>
			<rule e="way" k="highway" v="primary_link" zoom-min="12">
				<line stroke="#FFFF00" stroke-width="1.5" />
			</rule>
			<rule e="way" k="highway" v="trunk_link" zoom-min="12">
				<line stroke="#FF9933" stroke-width="1.5" />
			</rule>
			<rule e="way" k="highway" v="motorway_link" zoom-min="12">
				<line stroke="#FFFF66" stroke-width="1" />
			</rule>
			<rule e="way" k="highway" v="tertiary|unclassified" zoom-min="10">
				<line stroke="#FF9933" stroke-width="1.5" />
			</rule>
			<rule e="way" k="highway" v="secondary" zoom-min="12">
				<line stroke="#FFFF66" stroke-width="1.5" />
			</rule>
			<rule e="way" k="highway" v="primary" zoom-min="12">
				<line stroke="#FFFF00" stroke-width="1.5" />
			</rule>
			<rule e="way" k="highway" v="trunk" zoom-min="12">
				<line stroke="#FF9933" stroke-width="1.5" />
			</rule>
			<rule e="way" k="highway" v="motorway" zoom-min="12">
				<line stroke="#FFFF66" stroke-width="1" />
			</rule>

			<!-- low zoom cores major roads -->
			<rule e="way" k="highway" v="tertiary_link" zoom-max="11" zoom-min="11">
				<line stroke="#FFFFCC" stroke-width="2" />
			</rule>
			<rule e="way" k="highway" v="secondary_link" zoom-max="11" zoom-min="10">
				<line stroke="#FFFF66" stroke-width="2" />
			</rule>
			<rule e="way" k="highway" v="primary_link" zoom-max="11" zoom-min="8">
				<line stroke="#FFFF00" stroke-width="2" />
			</rule>
			<rule e="way" k="highway" v="trunk_link" zoom-max="11" zoom-min="8">
				<line stroke="#FF9933" stroke-width="2" />
			</rule>
			<rule e="way" k="highway" v="motorway_link" zoom-max="11" zoom-min="8">
				<line stroke="#FFFF66" stroke-width="2" />
			</rule>
			<rule e="way" k="highway" v="tertiary" zoom-max="11" zoom-min="8">
				<line stroke="#000cf7" stroke-width="1.6" />
			</rule>
			<rule e="way" k="highway" v="secondary" zoom-max="11" zoom-min="10">
				<line stroke="#FFFF66" stroke-width="2" />
			</rule>
			<rule e="way" k="highway" v="primary" zoom-max="11" zoom-min="8">
				<line stroke="#FFFF00" stroke-width="2.2" />
			</rule>
			<rule e="way" k="highway" v="trunk" zoom-max="11" zoom-min="8">
				<line stroke="#FF9933" stroke-width="2.2" />
			</rule>
			<rule e="way" k="highway" v="motorway" zoom-max="11" zoom-min="7">
				<line stroke="#FF4D00" stroke-width="2.3" />
			</rule>
			<rule e="way" k="highway" v="unclassified" zoom-max="11" zoom-min="8">
				<line stroke="#FF9933" stroke-width="1.5" />
			</rule>

			<!-- road surfaces -->
			<rule e="way" k="highway" v="unclassified|residential|living_street|road|ford" zoom-min="12">
				<rule e="way" k="surface" v="smooth_paved">
					<line stroke="#AAAAAA" stroke-width="0.9" stroke-dasharray="2,2" stroke-linecap="butt" />
				</rule>
				<rule e="way" k="surface" v="rough_paved">
					<line stroke="#AAAAAA" stroke-width="1.4" stroke-dasharray="2,2" stroke-linecap="butt" />
					<line stroke="#FFFFFF" stroke-width="0.8" stroke-linecap="butt" />
				</rule>
				<rule e="way" k="surface" v="fine_gravel|gravel">
					<line stroke="#D9D0C7" stroke-width="1.4" />
					<line stroke="#B3ABA4" stroke-width="0.9" stroke-dasharray="2,2" stroke-linecap="butt" />
				</rule>
				<rule e="way" k="surface" v="compacted|unpaved">
					<line stroke="#D9C6B4" stroke-width="1.4" />
				</rule>
			</rule>
			<rule e="way" k="highway|ford" v="ford|fd_yes" zoom-min="13">
				<line stroke="#AAB3DDFF" stroke-width="1.2" />
			</rule>
		</rule>
	</rule>

<!-- highway captions and access -->
	<rule e="way" k="tunnel" v="~|no">
		<rule e="any" k="highway" v="motorway">
			<rule e="any" k="*" v="*" zoom-max="11" zoom-min="7">
				<pathText k="ref" font-style="bold" font-size="14" stroke="#215E8F" fill="#FFFFFF" stroke-width="4.00" />
			</rule>
			<rule e="any" k="*" v="*" zoom-min="12">
				<pathText k="ref" font-style="bold" font-size="20" stroke="#215E8F" fill="#FFFFFF" stroke-width="6.00" />
			</rule>
		</rule>
		<rule e="any" k="highway" v="trunk" zoom-min="12">
			<rule e="way" k="name" v="~">
				<pathText k="ref" font-style="bold" font-size="20" stroke="#404040" fill="#FFF580" stroke-width="4.00" />
			</rule>
			<rule cat="routenums" e="way" k="ref" v="*" zoom-min="12">
				<caption k="ref" font-style="bold" font-size="14" stroke="#000000" fill="#FF9933" stroke-width="2.00" />
			</rule>
		</rule>
		<rule e="any" k="highway" v="primary" zoom-min="12">
			<rule e="way" k="name" v="~">
				<pathText k="ref" font-style="bold" font-size="20" stroke="#404040" fill="#FFF580" stroke-width="4.00" />
			</rule>
			<rule cat="routenums" e="way" k="ref" v="*" zoom-min="12">
				<caption k="ref" font-style="bold" font-size="14" stroke="#000000" fill="#FFFF00" stroke-width="2.00" />
			</rule>
		</rule>
		<rule e="any" k="highway" v="secondary" zoom-min="13">
			<rule e="way" k="name" v="~">
				<pathText k="ref" font-style="bold" font-size="20" stroke="#404040" fill="#FFFFFF" stroke-width="4.00" />
			</rule>
			<rule cat="routenums" e="way" k="ref" v="*" zoom-min="12">
				<caption k="ref" font-style="bold" font-size="14" stroke="#000000" fill="#FFFF66" stroke-width="2.00" />
			</rule>
		</rule>
		<rule e="any" k="highway" v="tertiary" zoom-min="13">
			<rule e="way" k="name" v="~">
				<pathText k="ref" font-style="bold" font-size="20" stroke="#404040" fill="#FFFFFF" stroke-width="4.00" />
			</rule>
			<rule cat="routenums" e="way" k="ref" v="*" zoom-min="12">
				<caption k="ref" font-style="bold" font-size="14" stroke="#000000" fill="#FFFFCC" stroke-width="2.00" />
			</rule>
		</rule>
		<rule e="way" k="highway" v="secondary_link|primary_link|trunk_link|motorway_link|secondary|primary|trunk" zoom-min="14">
			<pathText k="name" font-style="bold" font-size="20" fill="#000000" stroke="#FFFFFF" stroke-width="4.00" />
		</rule>
		<rule e="way" k="highway" v="service|construction|road|pedestrian|unclassified|residential|living_street|tertiary|tertiary_link" zoom-min="14">
			<pathText k="name" font-style="bold" font-size="18" fill="#000000" stroke="#FFFFFF" stroke-width="4.00" />
		</rule>
		<rule e="way" k="highway" v="track|bridleway|steps" zoom-min="14">
			<pathText k="name" font-style="bold" font-size="18" fill="#000000" stroke="#FFFFFF" stroke-width="4.00" />
		</rule>
		<rule e="way" k="highway" v="*" zoom-min="15">
				<rule e="way" k="access" v="destination">
					<line stroke="#3333FF" stroke-width="1.00" stroke-dasharray="1,6" stroke-linecap="butt" />
				</rule>
				<rule e="way" k="access" v="private">
					<line stroke="#FF8000" stroke-width="1.00" stroke-dasharray="1,6" stroke-linecap="butt" />
				</rule>
				<rule e="way" k="access" v="acc_no">
					<line stroke="#DD0000" stroke-width="1.00" stroke-dasharray="1,6" stroke-linecap="butt" />
				</rule>
				<rule e="way" k="oneway" v="yes">
					<lineSymbol src="file:/adv_res/s_oneway.svg"  symbol-scaling="size" symbol-height="32" symbol-width="32" align-center="true" repeat="true" />
				</rule>
				<rule e="way" k="oneway" v="-1">
					<lineSymbol src="file:/adv_res/s_oneway_rev.svg"  symbol-scaling="size" symbol-height="32" symbol-width="32" align-center="true" repeat="true" />
				</rule>
		</rule>
		<rule e="way" k="toll" v="tl_yes" zoom-min="14">
			<rule e="way" k="highway" v="*">
				<line stroke="#88DD0000" stroke-width="1.00" stroke-dasharray="2,24" stroke-linecap="round" />
			</rule>
		</rule>
	</rule>

<!-- other transportation ways -->
	<!-- runways -->
	<rule e="way" k="aeroway" v="runway|apron" closed="yes">
		<line stroke-width="0.40" stroke="#9EA199" stroke-linecap="butt" />
	</rule>
	<rule e="way" k="aeroway" v="taxiway">
		<rule e="way" k="bridge" v="yes|movable">
			<line stroke="#333333" stroke-width="5.60" stroke-linecap="butt" />
			<line stroke="#F2EFE4" stroke-width="4.60" stroke-linecap="butt" />
		</rule>
		<line stroke="#9EA199" stroke-width="4.00" stroke-linecap="butt" />
		<line stroke="#FFFCF0" stroke-width="3.60" />
	</rule>
	<rule e="way" k="aeroway" v="runway|apron" closed="no">
		<line stroke="#9EA199" stroke-width="8.00" stroke-linecap="butt" />
		<line stroke="#FFFCF0" stroke-width="7.60" stroke-linecap="butt" />
	</rule>
	<rule e="way" k="aeroway" v="runway|apron" closed="yes">
		<area fill="#FFFCF0" />
	</rule>
	<rule e="way" k="aeroway" v="helipad" >
		<area fill="#FFFCF0" stroke-width="0.20" stroke="#9EA199" />
	</rule>

	<!-- ferry routes -->
	<rule e="way" k="route" v="ferry" zoom-min="8">
		<line stroke="#707070" stroke-width="0.60" stroke-dasharray="30,20" stroke-linecap="butt" />
	</rule>

	<!-- railways -->
	<rule e="way" k="tunnel" v="~|no">
		<rule e="way" k="railway|highway" v="tram|light_rail|bus_guideway|subway|narrow_gauge|preserved|funicular|miniature|rail|disused|abandoned" zoom-min="13">
			<line stroke="#666666" stroke-width="0.40" />
			<line stroke="#666666" stroke-width="1.00" stroke-dasharray="4,6,4,28" stroke-linecap="butt" />
		</rule>
	</rule>

	<!-- aerial ways -->
	<rule e="way" k="aerialway" v="*" zoom-min="13">
		<line stroke="#404040" stroke-width="0.60" stroke-linecap="butt" />
		<line stroke="#404040" stroke-width="8.00" stroke-dasharray="3,400" stroke-linecap="butt" />
		<rule e="way" k="aerialway" v="cable_car" zoom-min="15">
			<lineSymbol src="file:/adv_res/s_cable_car.svg" symbol-scaling="size" symbol-height="32" symbol-width="32" repeat="true" />
		</rule>
		<rule e="way" k="aerialway" v="drag_lift|rope_tow|magic_carpet" zoom-min="15">
			<lineSymbol src="file:/adv_res/s_drag_lift.svg" symbol-scaling="size" symbol-height="32" symbol-width="32" repeat="true" />
		</rule>
		<rule e="way" k="aerialway" v="goods" zoom-min="15">
			<lineSymbol src="file:/adv_res/s_goods_lift.svg" symbol-scaling="size" symbol-height="32" symbol-width="32" repeat="true" />
		</rule>
		<rule e="way" k="aerialway" v="chair_lift|mixed_lift" zoom-min="15">
			<lineSymbol src="file:/adv_res/s_chair_lift.svg" symbol-scaling="size" symbol-height="32" symbol-width="32" repeat="true" />
		</rule>
		<rule e="way" k="aerialway" v="gondola" zoom-min="15">
			<lineSymbol src="file:/adv_res/s_gondola.svg" symbol-scaling="size" symbol-height="32" symbol-width="32" repeat="true" />
		</rule>
		<rule e="any" k="*" v="*" zoom-min="15">
			<pathText k="name" font-style="bold" font-size="16" fill="#606060" stroke="#FFFFFF" stroke-width="4.00" />
		</rule>
	</rule>


<!-- POIS -->
	<!-- settlements i.e. cities, towns, villages -->
	<rule e="any" k="*" v="*">
		<rule e="node" k="place" v="suburb" zoom-min="13">
			<caption k="name" font-style="bold_italic" font-size="20" fill="#193480" stroke="#FFFFFF" stroke-width="4.00" />
		</rule>
		<rule e="node" k="place" v="isolated_dwelling|neighbourhood|farm" zoom-min="14">
			<caption k="name" font-style="italic" font-size="20" fill="#112459" stroke="#FFFFFF" stroke-width="4.00" />
		</rule>
		<rule e="node" k="place" v="hamlet|quarter" zoom-min="13">
			<caption k="name" font-style="italic" font-size="20" fill="#112459" stroke="#FFFFFF" stroke-width="4.00" />
		</rule>
		<rule e="node" k="place" v="village" zoom-max="12" zoom-min="11">
			<caption k="name" font-style="normal" font-size="20" fill="#112459" stroke="#FFFFFF" stroke-width="4.00" />
		</rule>
		<rule e="node" k="place" v="village" zoom-min="13">
			<caption k="name" font-style="bold" font-size="20" fill="#193480" stroke="#FFFFFF" stroke-width="4.00" />
		</rule>
		<rule e="node" k="place" v="town" zoom-max="10" zoom-min="8">
			<caption k="name" font-style="bold" font-size="18" fill="#193480" stroke="#FFFFFF" stroke-width="4.00" />
		</rule>
		<rule e="node" k="place" v="town" zoom-min="11">
			<caption k="name" font-style="bold" font-size="22" fill="#193480" stroke="#FFFFFF" stroke-width="4.00" />
		</rule>
		<rule e="node" k="place" v="city">
			<rule e="any" k="capital" v="~">
				<rule e="any" k="*" v="*" zoom-max="10">
					<caption k="name" font-style="bold" font-size="22" fill="#193480" stroke="#FFFFFF" stroke-width="4.00" />
				</rule>
				<rule e="any" k="*" v="*" zoom-min="11">
					<caption k="name" font-style="bold" font-size="28" fill="#193480" stroke="#FFFFFF" stroke-width="4.00" />
				</rule>
			</rule>
		</rule>
		<rule e="node" k="place" v="*">
			<rule e="node" k="capital" v="4" zoom-max="10">
				<caption k="name" font-style="bold" font-size="26" fill="#193480" stroke="#FFFFFF" stroke-width="4.00" />
			</rule>
			<rule e="node" k="capital" v="4" zoom-min="11">
				<caption k="name" font-style="bold" font-size="36" fill="#193480" stroke="#FFFFFF" stroke-width="4.00" />
			</rule>
		</rule>
		<rule e="node" k="place" v="*">
			<rule e="node" k="capital" v="2" zoom-max="10">
				<caption k="name" font-style="bold" font-size="30" fill="#193480" stroke="#FFFFFF" stroke-width="4.00" />
			</rule>
			<rule e="node" k="capital" v="2" zoom-min="11">
				<caption k="name" font-style="bold" font-size="42" fill="#193480" stroke="#FFFFFF" stroke-width="4.00" />
			</rule>
		</rule>
		<rule e="node" k="place" v="country" zoom-max="8">
			<caption k="name" font-style="bold" font-size="44" fill="#193480" stroke="#FFFFFF" stroke-width="4.00" />
		</rule>
	</rule>

	<!-- poly_labels & landcover captions-->
	<rule cat="pois-nat" e="any" k="*" v="*">
		<rule e="way" k="landuse|leisure|amenity" v="village_green|recreation_ground|grass|military|garden|common|green|dog_park|allotments|cemetery|grave_yard|railway" zoom-min="16">
			<caption k="name" font-style="italic" font-family="serif" font-size="22" fill="#999999" stroke="#999999" stroke-width="0.40" />
		</rule>
		<rule e="way" k="natural|landuse" v="beach|sand|desert|rock|fell|meadow|grassland|heath|marsh|wetland|scree|shingle|scrub|forest|wood|landfill|quarry|vineyard|field|farm|farmland|farmyard" zoom-min="16">
			<caption k="name" font-style="italic" font-family="serif" font-size="22" fill="#999999" stroke="#999999" stroke-width="0.40" />
		</rule>
		<rule e="way" k="boundary" v="~">
			<rule e="way" k="leisure" v="park" zoom-min="16">
				<caption k="name" font-style="italic" font-family="serif" font-size="22" fill="#999999" stroke="#999999" stroke-width="0.40" />
			</rule>
		</rule>
		<rule e="any" k="place" v="locality" zoom-min="16">
			<rule e="any" k="natural|tourism" v="~">
				<caption k="name" font-style="italic" font-family="serif" font-size="22" fill="#999999" stroke="#999999" stroke-width="0.40" />
			</rule>
		</rule>
		<rule e="node" k="natural|landuse" v="orchard|glacier|forest|desert" zoom-min="16">
			<caption k="name" font-style="italic" font-family="serif" font-size="22" fill="#999999" stroke="#999999" stroke-width="0.40" />
		</rule>
		<rule e="node" k="landuse|natural" v="reservoir|basin|water" zoom-min="14">
			<rule e="any" k="amenity" v="~">
				<caption k="name" font-style="bold" font-size="16" fill="#FFFFFF" stroke="#6C96E6" stroke-width="4.00" />
			</rule>
		</rule>
		<rule e="any" k="place" v="island" zoom-min="14">
			<caption k="name" font-style="italic" font-family="serif" font-size="22" fill="#999999" stroke="#999999" stroke-width="0.40" />
		</rule>
		<rule e="node" k="boundary|leisure" v="protected_area|national_park|nature_reserve">
			<rule e="node" k="protect_class" v="1|~" zoom-min="15">
				<caption k="name" font-style="bold_italic" font-family="serif" font-size="26" fill="#FFFFFF" stroke="#7DAD7D" stroke-width="5.00" />
			</rule>
		</rule>
		<rule e="node" k="boundary|leisure" v="protected_area|national_park|nature_reserve">
			<rule e="node" k="protect_class" v="1|~" zoom-min="15">
				<caption k="name" font-style="bold_italic" font-family="serif" font-size="20" fill="#FFFFFF" stroke="#7DAD7D" stroke-width="4.00" />
			</rule>
		</rule>

	<!-- natural -->
		<rule e="node" k="natural" v="tree" zoom-min="16">
			<circle radius="1.0" scale-radius="true" fill="#008800" />
			<rule e="any" k="*" v="*" zoom-min="18">
				<caption k="name" dy="-6" font-style="bold" font-size="20" fill="#666666" stroke="#FFFFFF" stroke-width="4.00" />
			</rule>
		</rule>
		<rule e="node" k="natural" v="spring" zoom-min="16">
			<rule e="any" k="*" v="*" zoom-max="16">
				<circle radius="1.0" scale-radius="true" fill="#0080FF" />
			</rule>
			<rule e="any" k="*" v="*" zoom-min="17">
				<circle radius="0.6" scale-radius="true" fill="#0080FF" />
			</rule>
			<rule e="any" k="*" v="*" zoom-min="18">
				<caption k="name" dy="-20" font-style="bold" font-size="16" fill="#666666" stroke="#FFFFFF" stroke-width="4.00" />
			</rule>
		</rule>
		<rule e="any" k="natural" v="geyser" zoom-min="15">
			<symbol src="file:/adv_res/s_geyser.svg" symbol-scaling="size" symbol-height="16" symbol-width="16" />
			<rule e="any" k="*" v="*" zoom-min="18">
				<caption k="name" dy="-20" font-style="bold" font-size="16" fill="#666666" stroke="#FFFFFF" stroke-width="4.00" />
			</rule>
		</rule>
		<rule e="any" k="waterway|natural" v="waterfall" zoom-min="15">
			<symbol src="file:/adv_res/s_waterfall.svg" symbol-scaling="size" symbol-height="16" symbol-width="16" />
			<rule e="any" k="*" v="*" zoom-min="18">
				<caption k="name" dy="-20" font-style="bold" font-size="16" fill="#666666" stroke="#FFFFFF" stroke-width="4.00" />
				<caption k="ele" dy="43" font-style="bold" font-size="16" fill="#666666" stroke="#FFFFFF" stroke-width="4.00" />
			</rule>
		</rule>
		<rule e="any" k="natural" v="cave_entrance" zoom-min="15">
			<symbol src="file:/adv_res/s_cave_entrance.svg" symbol-scaling="size" symbol-height="16" symbol-width="16" />
			<rule e="any" k="*" v="*" zoom-min="18">
				<caption k="name" dy="-20" font-style="bold" font-size="16" fill="#666666" stroke="#FFFFFF" stroke-width="4.00" />
			</rule>
		</rule>
		<rule e="node" k="natural" v="volcano" zoom-min="13">
			<symbol src="file:/adv_res/s_volcano_small.svg" symbol-scaling="size" symbol-height="16" symbol-width="16" />
			<caption k="name" dy="-20" font-style="bold" font-size="16" fill="#000000" stroke="#FFFFFF" stroke-width="3.60" />
			<rule e="any" k="*" v="*" zoom-min="13">
				<caption k="ele" dy="20" font-style="normal" font-size="14" fill="#000000" stroke="#FFFFFF" stroke-width="3.60" />
			</rule>
		</rule>
		<rule e="node" k="natural" v="peak" zoom-min="13">
			<symbol src="file:/adv_res/s_peak_small.svg" symbol-scaling="size" symbol-height="16" symbol-width="16" />
			<caption k="name" dy="-20" font-style="normal" font-size="16" fill="#000000" stroke="#FFFFFF" stroke-width="3.60" />
			<rule e="any" k="*" v="*" zoom-min="13">
				<caption k="ele" dy="20" font-style="normal" font-size="14" fill="#000000" stroke="#FFFFFF" stroke-width="3.60" />
			</rule>
		</rule>
	</rule>

	<rule cat="pois" e="any" k="*" v="*">
		<!-- tourism -->
		<rule e="any" k="historic|building" v="castle" zoom-min="15">
			<symbol src="file:/adv_res/s_castle.svg" symbol-scaling="size" symbol-height="32" symbol-width="32" />
			<rule e="any" k="*" v="*" zoom-min="18">
				<caption k="name" dy="-26" font-style="bold" font-size="20" fill="#734a08" stroke="#FFFFFF" stroke-width="4.00" />
			</rule>
		</rule>
		<rule e="any" k="historic|building" v="ruins" zoom-min="15">
			<symbol src="file:/adv_res/s_ruins.svg" symbol-scaling="size" symbol-height="32" symbol-width="32" />
			<rule e="any" k="*" v="*" zoom-min="18">
				<caption k="name" dy="-26" font-style="bold" font-size="20" fill="#734a08" stroke="#FFFFFF" stroke-width="4.00" />
			</rule>
		</rule>
		<rule e="any" k="historic" v="archaeological_site" zoom-min="15">
			<symbol src="file:/adv_res/s_archaeological.svg" symbol-scaling="size" symbol-height="32" symbol-width="32" />
			<rule e="any" k="*" v="*" zoom-min="18">
				<caption k="name" dy="-26" font-style="bold" font-size="20" fill="#734a08" stroke="#FFFFFF" stroke-width="4.00" />
			</rule>
		</rule>
		<rule e="any" k="historic" v="monument" zoom-min="15">
			<symbol src="file:/adv_res/s_monument.svg" symbol-scaling="size" symbol-height="32" symbol-width="32" />
			<rule e="any" k="*" v="*" zoom-min="18">
				<caption k="name" dy="-26" font-style="bold" font-size="20" fill="#734a08" stroke="#FFFFFF" stroke-width="4.00" />
			</rule>
		</rule>
		<rule e="any" k="information" v="office" zoom-min="15">
			<symbol src="file:/adv_res/s_info_office.svg" symbol-scaling="size" symbol-height="32" symbol-width="32" />
			<rule e="any" k="*" v="*" zoom-min="18">
				<caption k="name" dy="-26" font-style="bold" font-size="20" fill="#734A08" stroke="#FFFFFF" stroke-width="4.00" />
			</rule>
		</rule>
		<rule e="any" k="tourism|building" v="museum" zoom-min="15">
			<symbol src="file:/adv_res/s_museum.svg" symbol-scaling="size" symbol-height="32" symbol-width="32" />
			<rule e="any" k="*" v="*" zoom-min="18">
				<caption k="name" dy="-26" font-style="bold" font-size="20" fill="#734A08" stroke="#FFFFFF" stroke-width="4.00" />
			</rule>
		</rule>
		<rule e="any" k="tourism" v="zoo" zoom-min="15">
			<symbol src="file:/adv_res/s_zoo.svg" symbol-scaling="size" symbol-height="32" symbol-width="32" />
			<rule e="any" k="*" v="*" zoom-min="18">
				<caption k="name" dy="-26" font-style="bold" font-size="20" fill="#734A08" stroke="#FFFFFF" stroke-width="4.00" />
			</rule>
		</rule>
		<rule e="any" k="tourism" v="attraction" zoom-min="15">
			<rule e="any" k="historic|amenity|natural" v="~">
				<symbol src="file:/adv_res/s_attraction.svg" symbol-scaling="size" symbol-height="32" symbol-width="32" />
				<rule e="any" k="*" v="*" zoom-min="18">
					<caption k="name" dy="-26" font-style="bold" font-size="20" fill="#734A08" stroke="#FFFFFF" stroke-width="4.00" />
				</rule>
			</rule>
		</rule>
		<rule e="any" k="tourism" v="viewpoint" zoom-min="16">
			<symbol src="file:/adv_res/s_viewpoint.svg" symbol-scaling="size" symbol-height="32" symbol-width="32" />
			<rule e="any" k="natural" v="~" zoom-min="18">
				<caption k="name" dy="-26" font-size="20" font-style="bold" fill="#734A08" stroke="#FFFFFF" stroke-width="4.00" />
				<caption k="ele" dy="43" font-size="20" font-style="bold" fill="#734A08" stroke="#FFFFFF" stroke-width="4.00" />
			</rule>
		</rule>
		<rule e="any" k="amenity" v="cinema" zoom-min="16">
			<symbol src="file:/adv_res/s_cinema.svg" symbol-scaling="size" symbol-height="32" symbol-width="32" />
			<rule e="any" k="*" v="*" zoom-min="18">
				<caption k="name" dy="-26" font-style="bold" font-size="20" fill="#734A08" stroke="#FFFFFF" stroke-width="4.00" />
			</rule>
		</rule>
		<rule e="any" k="amenity" v="theatre" zoom-min="16">
			<symbol src="file:/adv_res/s_theatre.svg" symbol-scaling="size" symbol-height="32" symbol-width="32" />
			<rule e="any" k="*" v="*" zoom-min="18">
				<caption k="name" dy="-26" font-style="bold" font-size="20" fill="#734A08" stroke="#FFFFFF" stroke-width="4.00" />
			</rule>
		</rule>
		<rule e="any" k="amenity|building" v="library" zoom-min="16">
			<symbol src="file:/adv_res/s_library.svg" symbol-scaling="size" symbol-height="32" symbol-width="32" />
			<rule e="any" k="*" v="*" zoom-min="18">
				<caption k="name" dy="-26" font-style="bold" font-size="20" fill="#734A08" stroke="#FFFFFF" stroke-width="4.00" />
			</rule>
		</rule>
		<rule e="any" k="amenity" v="fountain" zoom-min="17">
			<rule e="any" k="drinking_water" v="no|~">
				<symbol src="file:/adv_res/s_fountain.svg" symbol-scaling="size" symbol-height="32" symbol-width="32" />
				<rule e="any" k="*" v="*" zoom-min="18">
					<caption k="name" dy="-26" font-style="bold" font-size="20" fill="#734A08" stroke="#FFFFFF" stroke-width="4.00" />
				</rule>
			</rule>
		</rule>
		<rule e="any" k="information" v="board" zoom-min="17">
			<symbol src="file:/adv_res/s_info_board.svg" symbol-scaling="size" symbol-height="32" symbol-width="32" />
			<rule e="any" k="*" v="*" zoom-min="18">
				<caption k="name" dy="-26" font-style="bold" font-size="24" fill="#734A08" stroke="#FFFFFF" stroke-width="4.00" />
			</rule>
		</rule>
		<rule e="any" k="information" v="terminal" zoom-min="17">
			<symbol src="file:/adv_res/s_info_terminal.svg" symbol-scaling="size" symbol-height="32" symbol-width="32" />
			<rule e="any" k="*" v="*" zoom-min="18">
				<caption k="name" dy="-26" font-style="bold" font-size="24" fill="#734A08" stroke="#FFFFFF" stroke-width="4.00" />
			</rule>
		</rule>
		<rule e="any" k="information" v="guidepost" zoom-min="18">
			<symbol src="file:/adv_res/s_guidepost.svg" symbol-scaling="size" symbol-height="32" symbol-width="32" />
			<caption k="name" dy="-26" font-size="24" font-style="bold" fill="#734A08" stroke="#FFFFFF" stroke-width="4.00" />
			<caption k="ele" dy="32" font-size="24" font-style="bold" fill="#734A08" stroke="#FFFFFF" stroke-width="4.00" />
		</rule>
		<rule e="any" k="historic" v="wayside_shrine" zoom-min="17">
			<symbol src="file:/adv_res/s_wayside_shrine.svg" symbol-scaling="size" symbol-height="32" symbol-width="32" />
			<rule e="any" k="*" v="*" zoom-min="18">
				<caption k="name" dy="-26" font-style="bold" font-size="24" fill="#734A08" stroke="#FFFFFF" stroke-width="4.00" />
			</rule>
		</rule>
		<rule e="any" k="historic" v="memorial" zoom-min="18">
			<symbol src="file:/adv_res/s_memorial.svg" symbol-scaling="size" symbol-height="32" symbol-width="32" />
			<caption k="name" dy="-26" font-style="bold" font-size="24" fill="#734A08" stroke="#FFFFFF" stroke-width="4.00" />
		</rule>
		<rule e="any" k="historic" v="wayside_cross" zoom-min="18">
			<symbol src="file:/adv_res/s_wayside_cross.svg" symbol-scaling="size" symbol-height="32" symbol-width="32" />
			<caption k="name" dy="-26" font-style="bold" font-size="24" fill="#734A08" stroke="#FFFFFF" stroke-width="4.00" />
		</rule>

		<!-- amenities -->
		<rule e="any" k="amenity" v="toilets" zoom-min="16">
			<symbol src="file:/adv_res/s_toilets.svg" symbol-scaling="size" symbol-height="32" symbol-width="32" />
			<rule e="any" k="*" v="*" zoom-min="18">
				<caption k="name" dy="-26" font-style="bold" font-size="20" fill="#734A08" stroke="#FFFFFF" stroke-width="4.00" />
			</rule>
		</rule>
		<rule e="any" k="amenity|waterway" v="drinking_water|water_point" zoom-min="16">
			<symbol src="file:/adv_res/s_drinking_water.svg" symbol-scaling="size" symbol-height="32" symbol-width="32" />
			<rule e="any" k="*" v="*" zoom-min="18">
				<caption k="name" dy="-26" font-style="bold" font-size="20" fill="#734A08" stroke="#FFFFFF" stroke-width="4.00" />
			</rule>
		</rule>
		<rule e="any" k="man_made" v="water_well">
			<rule e="any" k="drinking_water" v="yes" zoom-min="16">
				<symbol src="file:/adv_res/s_drinking_water.svg" symbol-scaling="size" symbol-height="32" symbol-width="32" />
				<rule e="any" k="*" v="*" zoom-min="18">
					<caption k="name" dy="-26" font-style="bold" font-size="20" fill="#734A08" stroke="#FFFFFF" stroke-width="4.00" />
				</rule>
			</rule>
		</rule>
		<rule e="any" k="amenity" v="fountain" zoom-min="16">
			<rule e="any" k="drinking_water" v="yes">
				<symbol src="file:/adv_res/s_drinking_water.svg" symbol-scaling="size" symbol-height="32" symbol-width="32" />
				<rule e="any" k="*" v="*" zoom-min="18">
					<caption k="name" dy="-26" font-style="bold" font-size="20" fill="#734A08" stroke="#FFFFFF" stroke-width="4.00" />
				</rule>
			</rule>
		</rule>
		<rule e="any" k="amenity" v="shelter" zoom-min="17">
			<symbol src="file:/adv_res/s_shelter.svg" symbol-scaling="size" symbol-height="32" symbol-width="32" />
			<rule e="any" k="tourism" v="~" zoom-min="18">
				<caption k="name" dy="-26" font-style="bold" font-size="20" fill="#734A08" stroke="#FFFFFF" stroke-width="4.00" />
			</rule>
		</rule>
		<rule e="any" k="tourism" v="picnic_site" zoom-min="17">
			<symbol src="file:/adv_res/s_picnic_site.svg" symbol-scaling="size" symbol-height="32" symbol-width="32" />
			<rule e="any" k="*" v="*" zoom-min="18">
				<caption k="name" dy="-26" font-style="bold" font-size="20" fill="#734A08" stroke="#FFFFFF" stroke-width="4.00" />
			</rule>
		</rule>
		<rule e="any" k="amenity" v="bench" zoom-min="18">
			<symbol src="file:/adv_res/s_bench.svg" symbol-scaling="size" symbol-height="32" symbol-width="32" />
			<rule e="any" k="*" v="*" zoom-min="18">
				<caption k="name" dy="-26" font-style="bold" font-size="20" fill="#734A08" stroke="#FFFFFF" stroke-width="4.00" />
			</rule>
		</rule>
		<rule e="any" k="leisure" v="playground" zoom-min="16">
			<symbol src="file:/adv_res/s_playground.svg" symbol-scaling="size" symbol-height="32" symbol-width="32" />
			<rule e="any" k="*" v="*" zoom-min="18">
				<caption k="name" dy="-26" font-style="bold" font-size="20" fill="#734A08" stroke="#FFFFFF" stroke-width="4.00" />
			</rule>
		</rule>

		<!-- accommodation -->
		<rule e="any" k="tourism" v="caravan_site" zoom-min="15">
			<symbol src="file:/adv_res/s_caravan_site.svg" symbol-scaling="size" symbol-height="32" symbol-width="32" />
			<rule e="any" k="*" v="*" zoom-min="18">
				<caption k="name" dy="-26" font-style="bold" font-size="20" fill="#0092DA" stroke="#FFFFFF" stroke-width="4.00" />
			</rule>
		</rule>
		<rule e="any" k="tourism" v="alpine_hut" zoom-min="15">
			<rule e="any" k="name" v="*">
				<symbol src="file:/adv_res/s_alpine_hut.svg" symbol-scaling="size" symbol-height="32" symbol-width="32" />
				<rule e="any" k="*" v="*" zoom-min="18">
					<caption k="name" dy="-26" font-style="bold" font-size="20" fill="#0092DA" stroke="#FFFFFF" stroke-width="4.00" />
					<caption k="ele" dy="43" font-style="bold" font-size="20" fill="#0092DA" stroke="#FFFFFF" stroke-width="4.00" />
				</rule>
			</rule>
		</rule>
		<rule e="any" k="tourism" v="hostel" zoom-min="16">
			<symbol src="file:/adv_res/s_hostel.svg" symbol-scaling="size" symbol-height="32" symbol-width="32" />
			<rule e="any" k="*" v="*" zoom-min="18">
				<caption k="name" dy="-26" font-style="bold" font-size="20" fill="#0092DA" stroke="#FFFFFF" stroke-width="4.00" />
			</rule>
		</rule>
		<rule e="any" k="tourism|building" v="hotel" zoom-min="16">
			<symbol src="file:/adv_res/s_hotel.svg" symbol-scaling="size" symbol-height="32" symbol-width="32" />
			<rule e="any" k="*" v="*" zoom-min="18">
				<caption k="name" dy="-26" font-style="bold" font-size="20" fill="#0092DA" stroke="#FFFFFF" stroke-width="4.00" />
			</rule>
		</rule>
		<rule e="any" k="tourism" v="chalet" zoom-min="16">
			<symbol src="file:/adv_res/s_chalet.svg" symbol-scaling="size" symbol-height="32" symbol-width="32" />
			<rule e="any" k="*" v="*" zoom-min="18">
				<caption k="name" dy="-26" font-style="bold" font-size="20" fill="#0092DA" stroke="#FFFFFF" stroke-width="4.00" />
			</rule>
		</rule>

		<!-- restaurants -->
		<rule e="any" k="amenity" v="restaurant" zoom-min="16">
			<symbol src="file:/adv_res/s_restaurant.svg" symbol-scaling="size" symbol-height="32" symbol-width="32" />
			<rule e="any" k="*" v="*" zoom-min="18">
				<caption k="name" dy="-26" font-size="20" font-style="bold" fill="#734A08" stroke="#FFFFFF" stroke-width="4.00" />
			</rule>
		</rule>
		<rule e="any" k="amenity" v="fast_food" zoom-min="16">
			<symbol src="file:/adv_res/s_fastfood.svg" symbol-scaling="size" symbol-height="32" symbol-width="32" />
			<rule e="any" k="*" v="*" zoom-min="18">
				<caption k="name" dy="-26" font-size="20" font-style="bold" fill="#734A08" stroke="#FFFFFF" stroke-width="4.00" />
			</rule>
		</rule>
		<rule e="any" k="amenity" v="biergarten" zoom-min="16">
			<symbol src="file:/adv_res/s_biergarten.svg" symbol-scaling="size" symbol-height="32" symbol-width="32" />
			<rule e="any" k="*" v="*" zoom-min="18">
				<caption k="name" dy="-26" font-size="20" font-style="bold" fill="#734A08" stroke="#FFFFFF" stroke-width="4.00" />
			</rule>
		</rule>
		<rule e="any" k="amenity" v="cafe" zoom-min="16">
			<symbol src="file:/adv_res/s_cafe.svg" symbol-scaling="size" symbol-height="32" symbol-width="32" />
			<rule e="any" k="*" v="*" zoom-min="18">
				<caption k="name" dy="-26" font-size="20" font-style="bold" fill="#734A08" stroke="#FFFFFF" stroke-width="4.00" />
			</rule>
		</rule>
		<rule e="any" k="amenity" v="pub|bar" zoom-min="17">
			<symbol src="file:/adv_res/s_pub.svg" symbol-scaling="size" symbol-height="32" symbol-width="32" />
			<rule e="any" k="*" v="*" zoom-min="18">
				<caption k="name" dy="-26" font-size="20" font-style="bold" fill="#734A08" stroke="#FFFFFF" stroke-width="4.00" />
			</rule>
		</rule>

		<!-- shops -->
		<rule e="any" k="amenity" v="marketplace" zoom-min="15">
			<symbol src="file:/adv_res/s_marketplace.svg" symbol-scaling="size" symbol-height="32" symbol-width="32" />
			<rule e="any" k="*" v="*" zoom-min="18">
				<caption k="name" dy="-26" font-style="bold" font-size="20" fill="#AC39AC" stroke="#FFFFFF" stroke-width="4.00" />
			</rule>
		</rule>
		<rule e="any" k="shop" v="supermarket" zoom-min="16">
			<symbol src="file:/adv_res/s_supermarket.svg" symbol-scaling="size" symbol-height="32" symbol-width="32" />
			<rule e="any" k="*" v="*" zoom-min="18">
				<caption k="name" dy="-26" font-style="bold" font-size="20" fill="#AC39AC" stroke="#FFFFFF" stroke-width="4.00" />
			</rule>
		</rule>
		<rule e="any" k="shop" v="convenience" zoom-min="16">
			<symbol src="file:/adv_res/s_convenience.svg" symbol-scaling="size" symbol-height="32" symbol-width="32" />
			<rule e="any" k="*" v="*" zoom-min="18">
				<caption k="name" dy="-26" font-style="bold" font-size="20" fill="#AC39AC" stroke="#FFFFFF" stroke-width="4.00" />
			</rule>
		</rule>
		<rule e="any" k="shop" v="bakery" zoom-min="16">
			<symbol src="file:/adv_res/s_bakery.svg" symbol-scaling="size" symbol-height="32" symbol-width="32" />
			<rule e="any" k="*" v="*" zoom-min="18">
				<caption k="name" dy="-26" font-style="bold" font-size="20" fill="#AC39AC" stroke="#FFFFFF" stroke-width="4.00" />
			</rule>
		</rule>
		<rule e="any" k="shop" v="organic" zoom-min="17">
			<symbol src="file:/adv_res/s_organic.svg" symbol-scaling="size" symbol-height="32" symbol-width="32" />
			<rule e="any" k="*" v="*" zoom-min="18">
				<caption k="name" dy="-26" font-style="bold" font-size="20" fill="#AC39AC" stroke="#FFFFFF" stroke-width="4.00" />
			</rule>
		</rule>
		<rule e="any" k="shop" v="butcher" zoom-min="17">
			<symbol src="file:/adv_res/s_butcher.svg" symbol-scaling="size" symbol-height="32" symbol-width="32" />
			<rule e="any" k="*" v="*" zoom-min="18">
				<caption k="name" dy="-26" font-style="bold" font-size="20" fill="#AC39AC" stroke="#FFFFFF" stroke-width="4.00" />
			</rule>
		</rule>
		<rule e="any" k="amenity" v="atm" zoom-min="17">
			<symbol src="file:/adv_res/s_atm.svg" symbol-scaling="size" symbol-height="32" symbol-width="32" />
			<rule e="any" k="*" v="*" zoom-min="18">
				<caption k="name" dy="-26" font-style="bold" font-size="20" fill="#734A08" stroke="#FFFFFF" stroke-width="4.00" />
			</rule>
		</rule>
		<rule e="any" k="amenity" v="bank" zoom-min="16">
			<symbol src="file:/adv_res/s_bank.svg" symbol-scaling="size" symbol-height="32" symbol-width="32" />
			<rule e="any" k="*" v="*" zoom-min="18">
				<caption k="name" dy="-26" font-style="bold" font-size="20" fill="#AC39AC" stroke="#FFFFFF" stroke-width="4.00" />
			</rule>
		</rule>
		<rule e="any" k="amenity" v="post_office" zoom-min="16">
			<symbol src="file:/adv_res/s_postoffice.svg" symbol-scaling="size" symbol-height="32" symbol-width="32" />
			<rule e="any" k="*" v="*" zoom-min="18">
				<caption k="name" dy="-26" font-style="bold" font-size="20" fill="#AC39AC" stroke="#FFFFFF" stroke-width="4.00" />
			</rule>
		</rule>
		<rule e="any" k="amenity" v="post_box" zoom-min="17">
			<symbol src="file:/adv_res/s_postbox.svg" symbol-scaling="size" symbol-height="32" symbol-width="32" />
			<rule e="any" k="*" v="*" zoom-min="18">
				<caption k="name" dy="-26" font-style="bold" font-size="20" fill="#734A08" stroke="#FFFFFF" stroke-width="4.00" />
			</rule>
		</rule>
		<rule e="any" k="shop" v="sports" zoom-min="17">
			<symbol src="file:/adv_res/s_sports_shop.svg" symbol-scaling="size" symbol-height="32" symbol-width="32" />
			<rule e="any" k="*" v="*" zoom-min="18">
				<caption k="name" dy="-26" font-style="bold" font-size="20" fill="#AC39AC" stroke="#FFFFFF" stroke-width="4.00" />
			</rule>
		</rule>
		<rule e="any" k="shop" v="doityourself" zoom-min="17">
			<symbol src="file:/adv_res/s_doityourself.svg" symbol-scaling="size" symbol-height="32" symbol-width="32" />
			<rule e="any" k="*" v="*" zoom-min="18">
				<caption k="name" dy="-26" font-style="bold" font-size="20" fill="#AC39AC" stroke="#FFFFFF" stroke-width="4.00" />
			</rule>
		</rule>
		<rule e="any" k="amenity" v="bicycle_rental" zoom-min="17">
			<symbol src="file:/adv_res/s_bicycle_rental.svg" symbol-scaling="size" symbol-height="32" symbol-width="32" />
			<rule e="any" k="*" v="*" zoom-min="18">
				<caption k="name" dy="-26" font-style="bold" font-size="20" fill="#0092DA" stroke="#FFFFFF" stroke-width="4.00" />
			</rule>
		</rule>
		<rule e="any" k="shop|vending" v="bicycle|bicycle_tube" zoom-min="17">
			<symbol src="file:/adv_res/s_bicycle_shop.svg" symbol-scaling="size" symbol-height="32" symbol-width="32" />
			<rule e="any" k="*" v="*" zoom-min="18">
				<caption k="name" dy="-26" font-style="bold" font-size="20" fill="#AC39AC" stroke="#FFFFFF" stroke-width="4.00" />
			</rule>
		</rule>
		<rule e="any" k="shop" v="chemist" zoom-min="17">
			<symbol src="file:/adv_res/s_chemist.svg" symbol-scaling="size" symbol-height="32" symbol-width="32" />
			<rule e="any" k="*" v="*" zoom-min="18">
				<caption k="name" dy="-26" font-style="bold" font-size="20" fill="#AC39AC" stroke="#FFFFFF" stroke-width="4.00" />
			</rule>
		</rule>
		<rule e="any" k="shop" v="laundry" zoom-min="17">
			<symbol src="file:/adv_res/s_laundry.svg" symbol-scaling="size" symbol-height="32" symbol-width="32" />
			<rule e="any" k="*" v="*" zoom-min="18">
				<caption k="name" dy="-26" font-style="bold" font-size="20" fill="#AC39AC" stroke="#FFFFFF" stroke-width="4.00" />
			</rule>
		</rule>
		<rule e="any" k="shop" v="beverages" zoom-min="17">
			<symbol src="file:/adv_res/s_beverages.svg" symbol-scaling="size" symbol-height="32" symbol-width="32" />
			<rule e="any" k="*" v="*" zoom-min="18">
				<caption k="name" dy="-26" font-style="bold" font-size="20" fill="#AC39AC" stroke="#FFFFFF" stroke-width="4.00" />
			</rule>
		</rule>
		<rule e="any" k="shop" v="books" zoom-min="17">
			<symbol src="file:/adv_res/s_books.svg" symbol-scaling="size" symbol-height="32" symbol-width="32" />
			<rule e="any" k="*" v="*" zoom-min="18">
				<caption k="name" dy="-26" font-style="bold" font-size="20" fill="#AC39AC" stroke="#FFFFFF" stroke-width="4.00" />
			</rule>
		</rule>

		<!-- public transport -->
		<rule e="any" k="railway" v="station|halt" zoom-min="14">
			<rule e="any" k="station" v="~">
				<symbol src="file:/adv_res/s_pt_rail.svg" symbol-scaling="size" symbol-height="32" symbol-width="32" />
				<rule e="any" k="*" v="*" zoom-min="15">
					<caption k="name" dy="-26" font-style="bold" font-size="20" fill="#38732E" stroke="#FFFFFF" stroke-width="4.00" />
				</rule>
			</rule>
		</rule>
		<rule e="any" k="amenity" v="ferry_terminal" zoom-min="14">
			<symbol src="file:/adv_res/s_pt_ferry.svg" symbol-scaling="size" symbol-height="32" symbol-width="32" />
			<rule e="any" k="*" v="*" zoom-min="15">
				<caption k="name" dy="-26" font-style="bold" font-size="18" fill="#0092DA" stroke="#FFFFFF" stroke-width="4.00" />
			</rule>
		</rule>
		<rule e="any" k="station" v="subway" zoom-min="15">
			<symbol src="file:/adv_res/s_pt_subway.svg" symbol-scaling="size" symbol-height="32" symbol-width="32" />
			<rule e="any" k="*" v="*" zoom-min="16">
				<caption k="name" dy="-26" font-style="bold" font-size="20" fill="#115D91" stroke="#FFFFFF" stroke-width="4.00" />
			</rule>
		</rule>
		<rule e="any" k="station|railway" v="light_rail|tram_stop" zoom-min="15">
			<symbol src="file:/adv_res/s_pt_tram.svg" symbol-scaling="size" symbol-height="32" symbol-width="32" />
			<rule e="any" k="*" v="*" zoom-min="16">
				<caption k="name" dy="-26" font-style="bold" font-size="18" fill="#BE1414" stroke="#FFFFFF" stroke-width="4.00" />
			</rule>
		</rule>
		<rule e="any" k="amenity|highway" v="bus_station|bus_stop" zoom-min="16">
			<symbol src="file:/adv_res/s_pt_bus.svg" symbol-scaling="size" symbol-height="32" symbol-width="32" />
			<rule e="any" k="*" v="*" zoom-min="17">
				<caption k="name" dy="-20" font-style="bold" font-size="18" fill="#95276E" stroke="#FFFFFF" stroke-width="4.00" />
			</rule>
		</rule>
		<rule e="any" k="aeroway" v="helipad" zoom-min="16">
			<symbol src="file:/adv_res/s_helipad.svg" symbol-scaling="size" symbol-height="32" symbol-width="32" />
			<rule e="any" k="*" v="*" zoom-min="18">
				<caption k="name" dy="-26" font-style="bold" font-size="20" fill="#0092DA" stroke="#FFFFFF" stroke-width="4.00" />
			</rule>
		</rule>
		<rule e="any" k="aeroway" v="aerodrome|airport" zoom-min="15">
			<symbol src="file:/adv_res/s_airport.svg" symbol-scaling="size" symbol-height="32" symbol-width="32" />
			<rule e="any" k="*" v="*" zoom-min="18">
				<caption k="name" dy="-26" font-style="bold" font-size="20" fill="#0092DA" stroke="#FFFFFF" stroke-width="4.00" />
			</rule>
		</rule>

		<!-- car -->
		<rule e="any" k="shop" v="car" zoom-min="16">
			<symbol src="file:/adv_res/s_car_shop.svg" symbol-scaling="size" symbol-height="32" symbol-width="32" />
			<rule e="any" k="*" v="*" zoom-min="18">
				<caption k="name" dy="-26" font-style="bold" font-size="20" fill="#AC39AC" stroke="#FFFFFF" stroke-width="4.00" />
			</rule>
		</rule>
		<rule e="any" k="amenity" v="parking" zoom-min="17">
			<rule e="any" k="access" v="private|destination">
				<symbol src="file:/adv_res/s_parking_private.svg" symbol-scaling="size" symbol-height="32" symbol-width="32" />
				<rule e="any" k="*" v="*" zoom-min="18">
					<caption k="name" dy="-26" font-size="20" font-style="bold" fill="#0092DA" stroke="#FFFFFF" stroke-width="4.00" />
				</rule>
			</rule>
			<rule e="any" k="access" v="~">
				<symbol src="file:/adv_res/s_parking.svg" symbol-scaling="size" symbol-height="32" symbol-width="32" />
				<rule e="any" k="*" v="*" zoom-min="18">
					<caption k="name" dy="-26" font-size="20" font-style="bold" fill="#0092DA" stroke="#FFFFFF" stroke-width="4.00" />
				</rule>
			</rule>
		</rule>
		<rule e="node" k="addr:housenumber" v="*">
			<rule e="node" k="highway" v="motorway_junction" zoom-max="14" zoom-min="13">
				<circle radius="4.8" scale-radius="false" fill="#215E8F" stroke-width="0.00" />
				<caption k="addr:housenumber" font-style="bold" font-size="14" fill="#FFFFFF" stroke="#215E8F" stroke-width="4.00" />
				<caption k="name" dy="-21" font-style="bold" font-size="18" fill="#FFFFFF" stroke="#215E8F" stroke-width="4.00" />
			</rule>
			<rule e="node" k="highway" v="motorway_junction" zoom-min="15">
				<circle radius="5.6" scale-radius="false" fill="#215E8F" stroke-width="0.00" />
				<caption k="addr:housenumber" font-style="bold" font-size="16" fill="#FFFFFF" stroke="#215E8F" stroke-width="4.00" />
				<caption k="name" dy="-21" font-style="bold" font-size="20" fill="#FFFFFF" stroke="#215E8F" stroke-width="4.00" />
			</rule>
		</rule>

		<!-- special buildings -->
		<rule e="any" k="tower" v="observation" zoom-min="15">
			<symbol src="file:/adv_res/s_tower_observation.svg" symbol-scaling="size" symbol-height="32" symbol-width="32" />
			<rule e="any" k="*" v="*" zoom-min="18">
				<caption k="name" dy="-26" font-style="bold" font-size="20" fill="#666666" stroke="#FFFFFF" stroke-width="4.00" />
			</rule>
		</rule>
		<rule e="any" k="man_made" v="lighthouse" zoom-min="15">
			<symbol src="file:/adv_res/s_lighthouse.svg" symbol-scaling="size" symbol-height="32" symbol-width="32" />
			<rule e="any" k="*" v="*" zoom-min="18">
				<caption k="name" dy="-26" font-style="bold" font-size="20" fill="#0092DA" stroke="#FFFFFF" stroke-width="4.00" />
			</rule>
		</rule>
		<rule e="any" k="man_made" v="windmill" zoom-min="15">
			<symbol src="file:/adv_res/s_windmill.svg" symbol-scaling="size" symbol-height="32" symbol-width="32" />
			<rule e="any" k="*" v="*" zoom-min="18">
				<caption k="name" dy="-26" font-style="bold" font-size="20" fill="#734A08" stroke="#FFFFFF" stroke-width="4.00" />
			</rule>
		</rule>
		<rule e="any" k="building" v="church" zoom-min="15">
			<symbol src="file:/adv_res/s_church.svg" symbol-scaling="size" symbol-height="32" symbol-width="32" />
				<rule e="any" k="*" v="*" zoom-min="18">
					<caption k="name" dy="-26" font-style="bold" font-size="20" fill="#666666" stroke="#FFFFFF" stroke-width="4.00" />
				</rule>
		</rule>

		<!-- emergency -->
		<rule e="any" k="amenity" v="hospital" zoom-min="16">
			<symbol src="file:/adv_res/s_hospital.svg" symbol-scaling="size" symbol-height="32" symbol-width="32" />
			<rule e="any" k="*" v="*" zoom-min="18">
				<caption k="name" dy="-26" font-style="bold" font-size="20" fill="#DA0092" stroke="#FFFFFF" stroke-width="4.00" />
			</rule>
		</rule>
		<rule e="any" k="emergency" v="phone" zoom-min="17">
			<symbol src="file:/adv_res/s_emergency_phone.svg" symbol-scaling="size" symbol-height="32" symbol-width="32" />
			<rule e="any" k="*" v="*" zoom-min="18">
				<caption k="name" dy="-26" font-style="bold" font-size="20" fill="#DA0092" stroke="#FFFFFF" stroke-width="4.00" />
			</rule>
		</rule>
		<rule e="any" k="amenity" v="pharmacy" zoom-min="17">
			<symbol src="file:/adv_res/s_pharmacy.svg" symbol-scaling="size" symbol-height="32" symbol-width="32" />
			<rule e="any" k="*" v="*" zoom-min="18">
				<caption k="name" dy="-26" font-style="bold" font-size="20" fill="#DA0092" stroke="#FFFFFF" stroke-width="4.00" />
			</rule>
		</rule>
		<rule e="any" k="amenity" v="doctors" zoom-min="17">
			<symbol src="file:/adv_res/s_doctors.svg" symbol-scaling="size" symbol-height="32" symbol-width="32" />
			<rule e="any" k="*" v="*" zoom-min="18">
				<caption k="name" dy="-26" font-style="bold" font-size="20" fill="#DA0092" stroke="#FFFFFF" stroke-width="4.00" />
			</rule>
		</rule>
		<rule e="any" k="amenity|building" v="embassy" zoom-min="17">
			<symbol src="file:/adv_res/s_embassy.svg" symbol-scaling="size" symbol-height="32" symbol-width="32" />
			<rule e="any" k="*" v="*" zoom-min="18">
				<caption k="name" dy="-26" font-style="bold" font-size="20" fill="#666666" stroke="#FFFFFF" stroke-width="4.00" />
			</rule>
		</rule>
		<rule e="any" k="amenity" v="police" zoom-min="17">
			<symbol src="file:/adv_res/s_police.svg" symbol-scaling="size" symbol-height="32" symbol-width="32" />
			<rule e="any" k="*" v="*" zoom-min="18">
				<caption k="name" dy="-26" font-style="bold" font-size="20" fill="#734A08" stroke="#FFFFFF" stroke-width="4.00" />
			</rule>
		</rule>
		<rule e="any" k="amenity" v="fire_station" zoom-min="17">
			<symbol src="file:/adv_res/s_firebrigade.svg" symbol-scaling="size" symbol-height="32" symbol-width="32" />
			<rule e="any" k="*" v="*" zoom-min="18">
				<caption k="name" dy="-26" font-style="bold" font-size="20" fill="#734A08" stroke="#FFFFFF" stroke-width="4.00" />
			</rule>
		</rule>

		<!-- traffic barriers -->
		<rule e="any" k="highway" v="traffic_signals" zoom-min="17">
			<symbol src="file:/adv_res/s_traffic_signal.svg" symbol-scaling="size" symbol-height="32" symbol-width="32" />
		</rule>
		<rule e="any" k="railway" v="crossing" zoom-min="17">
			<symbol src="file:/adv_res/s_railway-crossing-small.svg" symbol-scaling="size" symbol-height="32" symbol-width="32" />
		</rule>
		<rule e="any" k="railway" v="level_crossing" zoom-min="17">
			<symbol src="file:/adv_res/s_railway-crossing.svg" symbol-scaling="size" symbol-height="32" symbol-width="32" />
		</rule>

		<!-- building captions -->
		<rule e="any" k="highway" v="~">
			<rule e="any" k="addr:housenumber" v="*" zoom-min="19">
				<caption k="addr:housenumber" font-style="bold" font-size="16" fill="#666666" stroke="#FFFFFF" stroke-width="4.00" />
			</rule>
		</rule>
		<rule e="any" k="building" v="*" zoom-min="18">
			<caption k="name" dy="-26" font-style="bold" font-size="20" fill="#666666" stroke="#FFFFFF" stroke-width="4.00" />
		</rule>
	</rule>

	<!-- Toggle POIs below -->

	<!-- fuel -->
	<rule cat="fuel" e="any" k="*" v="*">
		<rule e="any" k="amenity" v="fuel" zoom-min="12">
			<symbol src="file:/adv_res/s_fuel.svg" symbol-scaling="size" symbol-height="48" symbol-width="48" display="always" priority="1000" />
			<rule e="any" k="*" v="*" zoom-min="16">
				<caption k="name" dy="-40" font-style="bold" font-size="18" fill="#AC39AC" stroke="#FFFFFF" stroke-width="4.00" priority="1000" />
			</rule>
		</rule>
	</rule>

	<!-- camp sites -->
	<rule cat="campsites" e="any" k="*" v="*">
		<rule e="any" k="tourism" v="camp_site" zoom-min="12">
			<symbol src="file:/adv_res/s_camp_site.svg" symbol-scaling="size" symbol-height="48" symbol-width="48" display="always" priority="1000" />
			<rule e="any" k="*" v="*" zoom-min="16">
				<caption k="name" dy="-40" font-style="bold" font-size="18" fill="#0092DA" stroke="#FFFFFF" stroke-width="4.00" priority="1000" />
			</rule>
		</rule>
	</rule>

</rendertheme>